TABLE_SCHEMA,TABLE_NAME,CONSTRAINT_NAME,CONSTRAINT_TYPE,COLUMN_NAME,ORDINAL_POSITION
AdExperimentBronze,Experiment,PK_Experiment,PRIMARY KEY,ExperimentIdentifier,1
AdExperimentBronze,ExperimentArm,PK_ExperimentArm,PRIMARY KEY,ExperimentArmIdentifier,1
AdExperimentBronze,ExperimentArmCampaign,PK_ExperimentArmCampaign,PRIMARY KEY,AdNetwork,1
AdExperimentBronze,ExperimentArmCampaign,PK_ExperimentArmCampaign,PRIMARY KEY,CampaignId,2
AdExperimentBronze,ExperimentArmCampaign,PK_ExperimentArmCampaign,PRIMARY KEY,ExperimentArmIdentifier,3
AdExperimentBronze,ExperimentLabel,PK_ExperimentLabel,PRIMARY KEY,ExperimentIdentifier,1
AdExperimentBronze,ExperimentLabel,PK_ExperimentLabel,PRIMARY KEY,Name,2
Archive_Tix_Performance,Reports_DailySummary,PK_DailySummary,PRIMARY KEY,ActivityDatePst,1
EventTicketModelBronze,EventCluster,PK_EventCluster,PRIMARY KEY,EventClusterId,1
EventTicketModelBronze,Onsale,PK_Onsale,PRIMARY KEY,EventId,1
EventTicketModelBronze,Onsale,PK_Onsale,PRIMARY KEY,OnsaleTimestampUtc,2
EventTicketModelBronze,Onsale,PK_Onsale,PRIMARY KEY,OnsaleType,3
GoTicketsAdManagementBronze,AdGroupForEventClusterAttributes,PK_AdGroupForEventClusterAttributes,PRIMARY KEY,AdGroupId,1
GoTicketsAdManagementBronze,AdGroupForPerformerAttributes,PK_AdGroupForPerformerAttributes,PRIMARY KEY,AdGroupId,1
GoTicketsAdManagementBronze,AdGroupForVenueAttributes,PK_AdGroupForVenueAttributes,PRIMARY KEY,AdGroupId,1
GoTicketsAdManagementBronze,CampaignPerEventClusterAttributes,PK_CampaignPerEventClusterAttributes,PRIMARY KEY,CampaignId,1
GoTicketsAdManagementBronze,CampaignPerPerformerAttributes,PK_CampaignPerPerformerAttributes,PRIMARY KEY,CampaignId,1
GoTicketsAdManagementBronze,CampaignPerVenueAttributes,PK_CampaignPerVenueAttributes,PRIMARY KEY,CampaignId,1
GoTicketsAdManagementBronze,GoogleAdsAdGroupForEventClusterAttributes,PK_GoogleAdsAdGroupForEventClusterAttributes,PRIMARY KEY,AdGroupId,1
GoTicketsAdManagementBronze,GoogleAdsAdGroupForPerformerAttributes,PK_GoogleAdsAdGroupForPerformerAttributes,PRIMARY KEY,AdGroupId,1
GoTicketsAdManagementBronze,GoogleAdsAdGroupForVenueAttributes,PK_GoogleAdsAdGroupForVenueAttributes,PRIMARY KEY,AdGroupId,1
GoTicketsAdManagementBronze,GoogleAdsCampaignPerEventClusterAttributes,PK_GoogleAdsCampaignPerEventClusterAttributes,PRIMARY KEY,CampaignId,1
GoTicketsAdManagementBronze,GoogleAdsCampaignPerPerformerAttributes,PK_GoogleAdsCampaignPerPerformerAttributes,PRIMARY KEY,CampaignId,1
GoTicketsAdManagementBronze,GoogleAdsCampaignPerVenueAttributes,PK_GoogleAdsCampaignPerVenueAttributes,PRIMARY KEY,CampaignId,1
GoTicketsAdManagementBronze,MarketingImage,PK_MarketingImage,PRIMARY KEY,MarketingImageId,1
GoTicketsAdManagementBronze,MarketingImageCategory,PK_MarketingImageCategory,PRIMARY KEY,CategoryId,1
GoTicketsAdManagementBronze,MarketingImageCategory,PK_MarketingImageCategory,PRIMARY KEY,MarketingImageId,2
GoTicketsAdManagementBronze,MarketingImageGoogleAdsImageAsset,PK_MarketingImageGoogleAdsImageAsset,PRIMARY KEY,AccountId,1
GoTicketsAdManagementBronze,MarketingImageGoogleAdsImageAsset,PK_MarketingImageGoogleAdsImageAsset,PRIMARY KEY,MarketingImageId,2
GoTicketsAdManagementBronze,MarketingImageMicrosoftAdsImageAdExtension,PK_MarketingImageMicrosoftAdsImageAdExtension,PRIMARY KEY,AccountId,1
GoTicketsAdManagementBronze,MarketingImageMicrosoftAdsImageAdExtension,PK_MarketingImageMicrosoftAdsImageAdExtension,PRIMARY KEY,MarketingImageId,2
GoTicketsAdManagementBronze,MarketingImageMicrosoftAdsImageAsset,PK_MarketingImageMicrosoftAdsImageAsset,PRIMARY KEY,AccountId,1
GoTicketsAdManagementBronze,MarketingImageMicrosoftAdsImageAsset,PK_MarketingImageMicrosoftAdsImageAsset,PRIMARY KEY,MarketingImageId,2
GoTicketsAdManagementBronze,MarketingImageTag,PK_MarketingImageTag,PRIMARY KEY,MarketingImageId,1
GoTicketsAdManagementBronze,MarketingImageTag,PK_MarketingImageTag,PRIMARY KEY,Tag,2
GoTicketsAdManagementBronze,MicrosoftAdsAdGroupForEventClusterAttributes,PK_MicrosoftAdsAdGroupForEventClusterAttributes,PRIMARY KEY,AdGroupId,1
GoTicketsAdManagementBronze,MicrosoftAdsAdGroupForPerformerAttributes,PK_MicrosoftAdsAdGroupForPerformerAttributes,PRIMARY KEY,AdGroupId,1
GoTicketsAdManagementBronze,MicrosoftAdsAdGroupForVenueAttributes,PK_MicrosoftAdsAdGroupForVenueAttributes,PRIMARY KEY,AdGroupId,1
GoTicketsAdManagementBronze,MicrosoftAdsCampaignPerEventClusterAttributes,PK_MicrosoftAdsCampaignPerEventClusterAttributes,PRIMARY KEY,CampaignId,1
GoTicketsAdManagementBronze,MicrosoftAdsCampaignPerPerformerAttributes,PK_MicrosoftAdsCampaignPerPerformerAttributes,PRIMARY KEY,CampaignId,1
GoTicketsAdManagementBronze,MicrosoftAdsCampaignPerVenueAttributes,PK_MicrosoftAdsCampaignPerVenueAttributes,PRIMARY KEY,CampaignId,1
GoTicketsAdManagementBronze,PerformerAlias,PK_PerformerAlias,PRIMARY KEY,PerformerAliasId,1
GoTicketsAdManagementBronze,PerformerAliasExportSetting,PK_PerformerAliasExportSetting,PRIMARY KEY,ExportType,1
GoTicketsAdManagementBronze,PerformerAliasExportSetting,PK_PerformerAliasExportSetting,PRIMARY KEY,PerformerAliasId,2
GoTicketsAdManagementBronze,PerformerAliasKeywordValue,PK_PerformerAliasKeywordValue,PRIMARY KEY,PerformerAliasKeywordValueId,1
GoTicketsAdManagementBronze,VenueAlias,PK_VenueAlias,PRIMARY KEY,VenueAliasId,1
GoTicketsAdManagementBronze,VenueAliasExportSetting,PK_VenueAliasExportSetting,PRIMARY KEY,ExportType,1
GoTicketsAdManagementBronze,VenueAliasExportSetting,PK_VenueAliasExportSetting,PRIMARY KEY,VenueAliasId,2
GoTicketsAdManagementBronze,VenueAliasKeywordValue,PK_VenueAliasKeywordValue,PRIMARY KEY,VenueAliasKeywordValueId,1
GoTicketsAuctionInsightMetric,GoogleAdsAdGroupAuctionInsightMetric,PK_GoogleAdsAdGroupAuctionInsightMetric,PRIMARY KEY,ActivityStartDate,1
GoTicketsAuctionInsightMetric,GoogleAdsAdGroupAuctionInsightMetric,PK_GoogleAdsAdGroupAuctionInsightMetric,PRIMARY KEY,AdGroupId,2
GoTicketsAuctionInsightMetric,GoogleAdsAdGroupAuctionInsightMetric,PK_GoogleAdsAdGroupAuctionInsightMetric,PRIMARY KEY,AggregationPeriod,3
GoTicketsAuctionInsightMetric,GoogleAdsCampaignAuctionInsightMetric,PK_GoogleAdsCampaignAuctionInsightMetric,PRIMARY KEY,ActivityStartDate,1
GoTicketsAuctionInsightMetric,GoogleAdsCampaignAuctionInsightMetric,PK_GoogleAdsCampaignAuctionInsightMetric,PRIMARY KEY,AggregationPeriod,2
GoTicketsAuctionInsightMetric,GoogleAdsCampaignAuctionInsightMetric,PK_GoogleAdsCampaignAuctionInsightMetric,PRIMARY KEY,CampaignId,3
GoTicketsBiddingMetric,GoogleAdsAdGroupBidChange,PK_GoogleAdsAdGroupBidChange,PRIMARY KEY,AdGroupId,1
GoTicketsBiddingMetric,GoogleAdsAdGroupBidChangeHistory,PK_GoogleAdsAdGroupBidChangeHistory,PRIMARY KEY,AdGroupId,1
GoTicketsBiddingMetric,GoogleAdsCampaignBidChange,PK_GoogleAdsCampaignBidChange,PRIMARY KEY,CampaignId,1
GoTicketsBiddingMetric,GoogleAdsCampaignBidChangeHistory,PK_GoogleAdsCampaignBidChangeHistory,PRIMARY KEY,CampaignId,1
GoTicketsBiddingMetric,MicrosoftAdsAdGroupBidChange,PK_MicrosoftAdsAdGroupBidChange,PRIMARY KEY,AdGroupId,1
GoTicketsBiddingMetric,MicrosoftAdsAdGroupBidChangeHistory,PK_MicrosoftAdsAdGroupBidChangeHistory,PRIMARY KEY,AdGroupId,1
GoTicketsBiddingMetric,MicrosoftAdsCampaignBidChange,PK_MicrosoftAdsCampaignBidChange,PRIMARY KEY,CampaignId,1
GoTicketsBiddingMetric,MicrosoftAdsCampaignBidChangeHistory,PK_MicrosoftAdsCampaignBidChangeHistory,PRIMARY KEY,CampaignId,1
GoTicketsBronze,Category,PK_Category,PRIMARY KEY,CategoryId,1
GoTicketsBronze,Event,PK_Event,PRIMARY KEY,EventId,1
GoTicketsBronze,EventPerformer,PK_EventPerformer,PRIMARY KEY,EventId,1
GoTicketsBronze,EventPerformer,PK_EventPerformer,PRIMARY KEY,PerformerId,2
GoTicketsBronze,EventStats,PK_EventStats,PRIMARY KEY,EventId,1
GoTicketsBronze,EventStats,PK_EventStats,PRIMARY KEY,OriginUpdatedTimestampUtc,2
GoTicketsBronze,ExchangeData,PK_ExchangeData,PRIMARY KEY,EventId,1
GoTicketsBronze,ExchangeData,PK_ExchangeData,PRIMARY KEY,ExchangeName,2
GoTicketsBronze,ExchangeData,PK_ExchangeData,PRIMARY KEY,TransactionDateTimeUtc,3
GoTicketsBronze,ListingAttribute,PK_ListingAttribute,PRIMARY KEY,ListingAttributeId,1
GoTicketsBronze,MappingData,PK_MappingData,PRIMARY KEY,EntityId,1
GoTicketsBronze,MappingData,PK_MappingData,PRIMARY KEY,EntitySource,2
GoTicketsBronze,MappingData,PK_MappingData,PRIMARY KEY,EntityType,3
GoTicketsBronze,OnSalesData,PK_OnSalesData,PRIMARY KEY,OnSaleId,1
GoTicketsBronze,Order,PK_Order,PRIMARY KEY,OrderId,1
GoTicketsBronze,PartnerData,PK_PartnerData,PRIMARY KEY,OrderId,1
GoTicketsBronze,Payment,PK_Payment,PRIMARY KEY,PaymentId,1
GoTicketsBronze,PaymentDetail,PK_PaymentDetail,PRIMARY KEY,PaymentDetailId,1
GoTicketsBronze,Performer,PK_Performer,PRIMARY KEY,PerformerId,1
GoTicketsBronze,Region,PK_Region,PRIMARY KEY,RegionId,1
GoTicketsBronze,Venue,PK_Venue,PRIMARY KEY,VenueId,1
GoTicketsBronze,VenueConfiguration,PK_VenueConfiguration,PRIMARY KEY,VenueConfigurationId,1
GoTicketsBronze,VenueConfigurationGroup,PK_VenueConfigurationGroup,PRIMARY KEY,VenueConfigurationGroupId,1
GoTicketsBronze,VenueConfigurationSection,PK_VenueConfigurationSection,PRIMARY KEY,VenueConfigurationSectionId,1
GoTicketsCoreEntity,Category,PK_Category,PRIMARY KEY,CategoryId,1
GoTicketsCoreEntity,Event,PK_Event,PRIMARY KEY,EventId,1
GoTicketsCoreEntity,EventCluster,PK_EventCluster,PRIMARY KEY,EventClusterId,1
GoTicketsCoreEntity,GoogleAdsAccount,PK_GoogleAdsAccount,PRIMARY KEY,AccountId,1
GoTicketsCoreEntity,GoogleAdsAdGroup,PK_GoogleAdsAdGroup,PRIMARY KEY,AdGroupId,1
GoTicketsCoreEntity,GoogleAdsCampaign,PK_GoogleAdsCampaign,PRIMARY KEY,CampaignId,1
GoTicketsCoreEntity,MicrosoftAdsAccount,PK_MicrosoftAdsAccount,PRIMARY KEY,AccountId,1
GoTicketsCoreEntity,MicrosoftAdsAdGroup,PK_MicrosoftAdsAdGroup,PRIMARY KEY,AdGroupId,1
GoTicketsCoreEntity,MicrosoftAdsCampaign,PK_MicrosoftAdsCampaign,PRIMARY KEY,CampaignId,1
GoTicketsCoreEntity,Order,PK_Order,PRIMARY KEY,OrderId,1
GoTicketsCoreEntity,Performer,PK_Performer,PRIMARY KEY,PerformerId,1
GoTicketsCoreEntity,Venue,PK_Venue,PRIMARY KEY,VenueId,1
GoTicketsCoreEntity,VisitorProfile,PK_VisitorProfile,PRIMARY KEY,VisitorIdentifier,1
GoTicketsEntityMap,EventMap,PK_EventMap,PRIMARY KEY,EventId,1
GoTicketsEntityMap,EventMapHistory,PK_EventMapHistory,PRIMARY KEY,EventId,1
GoTicketsEntityMap,EventMapHistory,PK_EventMapHistory,PRIMARY KEY,ValidFromUtc,2
GoTicketsEntityMap,EventMapHistory,PK_EventMapHistory,PRIMARY KEY,ValidToUtc,3
GoTicketsEntityMap,GoogleAdsAdGroupMap,PK_GoogleAdsAdGroupMap,PRIMARY KEY,AdGroupId,1
GoTicketsEntityMap,GoogleAdsCampaignEventMap,PK_GoogleAdsCampaignEventMap,PRIMARY KEY,CampaignId,1
GoTicketsEntityMap,GoogleAdsCampaignEventMap,PK_GoogleAdsCampaignEventMap,PRIMARY KEY,EventId,2
GoTicketsEntityMap,GoogleAdsCampaignMap,PK_GoogleAdsCampaignMap,PRIMARY KEY,CampaignId,1
GoTicketsEntityMap,MicrosoftAdsAdGroupMap,PK_MicrosoftAdsAdGroupMap,PRIMARY KEY,AdGroupId,1
GoTicketsEntityMap,MicrosoftAdsCampaignEventMap,PK_MicrosoftAdsCampaignEventMap,PRIMARY KEY,CampaignId,1
GoTicketsEntityMap,MicrosoftAdsCampaignEventMap,PK_MicrosoftAdsCampaignEventMap,PRIMARY KEY,EventId,2
GoTicketsEntityMap,MicrosoftAdsCampaignMap,PK_MicrosoftAdsCampaignMap,PRIMARY KEY,CampaignId,1
GoTicketsEventSummary,EventSummary,PK_EventSummary,PRIMARY KEY,EventId,1
GoTicketsExchangeMetric,AllTimeDetailedExchangeMetric,PK_AllTimeDetailedExchangeMetric,PRIMARY KEY,EventId,1
GoTicketsExchangeMetric,AllTimeDetailedExchangeMetric,PK_AllTimeDetailedExchangeMetric,PRIMARY KEY,ExchangeName,2
GoTicketsExchangeMetric,AllTimeStandardExchangeMetric,PK_AllTimeStandardExchangeMetric,PRIMARY KEY,EventId,1
GoTicketsExchangeMetric,ClosePeerExchangeMetric,PK_ClosePeerExchangeMetric,PRIMARY KEY,CalendarId,1
GoTicketsExchangeMetric,ClosePeerExchangeMetric,PK_ClosePeerExchangeMetric,PRIMARY KEY,EventId,2
GoTicketsExchangeMetric,DetailedExchangeMetric,PK_DetailedExchangeMetric,PRIMARY KEY,CalendarId,1
GoTicketsExchangeMetric,DetailedExchangeMetric,PK_DetailedExchangeMetric,PRIMARY KEY,EventId,2
GoTicketsExchangeMetric,DetailedExchangeMetric,PK_DetailedExchangeMetric,PRIMARY KEY,ExchangeName,3
GoTicketsExchangeMetric,StandardExchangeMetric,PK_StandardExchangeMetric,PRIMARY KEY,CalendarId,1
GoTicketsExchangeMetric,StandardExchangeMetric,PK_StandardExchangeMetric,PRIMARY KEY,EventId,2
GoTicketsFunnelMetric,FunnelMetric,PK_FunnelMetric,PRIMARY KEY,FunnelMetricIdentifier,1
GoTicketsFunnelMetric,GoogleAdsFunnelMetricTrafficSource,PK_GoogleAdsFunnelMetricTrafficSource,PRIMARY KEY,TrafficSourceId,1
GoTicketsFunnelMetric,MicrosoftAdsFunnelMetricTrafficSource,PK_MicrosoftAdsFunnelMetricTrafficSource,PRIMARY KEY,TrafficSourceId,1
GoTicketsInventoryMetric,EventInventoryMetric,PK_EventInventoryMetric,PRIMARY KEY,EventId,1
GoTicketsInventoryMetric,EventInventoryMetricHistory,PK_EventInventoryMetricHistory,PRIMARY KEY,EventId,1
GoTicketsInventoryMetric,EventInventoryMetricHistory,PK_EventInventoryMetricHistory,PRIMARY KEY,ValidFromUtc,2
GoTicketsInventoryMetric,EventInventoryMetricHistory,PK_EventInventoryMetricHistory,PRIMARY KEY,ValidToUtc,3
GoTicketsMembership,GoogleAdsAccountMembership,PK_GoogleAdsAccountMembership,PRIMARY KEY,AccountId,1
GoTicketsMembership,GoogleAdsAccountMembershipHistory,PK_GoogleAdsAccountMembershipHistory,PRIMARY KEY,AccountId,1
GoTicketsMembership,GoogleAdsAccountMembershipHistory,PK_GoogleAdsAccountMembershipHistory,PRIMARY KEY,ValidFromUtc,2
GoTicketsMembership,GoogleAdsAccountMembershipHistory,PK_GoogleAdsAccountMembershipHistory,PRIMARY KEY,ValidToUtc,3
GoTicketsMembership,GoogleAdsAdGroupMembership,PK_GoogleAdsAdGroupMembership,PRIMARY KEY,AdGroupId,1
GoTicketsMembership,GoogleAdsAdGroupMembershipHistory,PK_GoogleAdsAdGroupMembershipHistory,PRIMARY KEY,AdGroupId,1
GoTicketsMembership,GoogleAdsAdGroupMembershipHistory,PK_GoogleAdsAdGroupMembershipHistory,PRIMARY KEY,ValidFromUtc,2
GoTicketsMembership,GoogleAdsAdGroupMembershipHistory,PK_GoogleAdsAdGroupMembershipHistory,PRIMARY KEY,ValidToUtc,3
GoTicketsMembership,GoogleAdsCampaignMembership,PK_GoogleAdsCampaignMembership,PRIMARY KEY,CampaignId,1
GoTicketsMembership,GoogleAdsCampaignMembershipHistory,PK_GoogleAdsCampaignMembershipHistory,PRIMARY KEY,CampaignId,1
GoTicketsMembership,GoogleAdsCampaignMembershipHistory,PK_GoogleAdsCampaignMembershipHistory,PRIMARY KEY,ValidFromUtc,2
GoTicketsMembership,GoogleAdsCampaignMembershipHistory,PK_GoogleAdsCampaignMembershipHistory,PRIMARY KEY,ValidToUtc,3
GoTicketsMembership,MicrosoftAdsAccountMembership,PK_MicrosoftAdsAccountMembership,PRIMARY KEY,AccountId,1
GoTicketsMembership,MicrosoftAdsAccountMembershipHistory,PK_MicrosoftAdsAccountMembershipHistory,PRIMARY KEY,AccountId,1
GoTicketsMembership,MicrosoftAdsAccountMembershipHistory,PK_MicrosoftAdsAccountMembershipHistory,PRIMARY KEY,ValidFromUtc,2
GoTicketsMembership,MicrosoftAdsAccountMembershipHistory,PK_MicrosoftAdsAccountMembershipHistory,PRIMARY KEY,ValidToUtc,3
GoTicketsMembership,MicrosoftAdsAdGroupMembership,PK_MicrosoftAdsAdGroupMembership,PRIMARY KEY,AdGroupId,1
GoTicketsMembership,MicrosoftAdsAdGroupMembershipHistory,PK_MicrosoftAdsAdGroupMembershipHistory,PRIMARY KEY,AdGroupId,1
GoTicketsMembership,MicrosoftAdsAdGroupMembershipHistory,PK_MicrosoftAdsAdGroupMembershipHistory,PRIMARY KEY,ValidFromUtc,2
GoTicketsMembership,MicrosoftAdsAdGroupMembershipHistory,PK_MicrosoftAdsAdGroupMembershipHistory,PRIMARY KEY,ValidToUtc,3
GoTicketsMembership,MicrosoftAdsCampaignMembership,PK_MicrosoftAdsCampaignMembership,PRIMARY KEY,CampaignId,1
GoTicketsMembership,MicrosoftAdsCampaignMembershipHistory,PK_MicrosoftAdsCampaignMembershipHistory,PRIMARY KEY,CampaignId,1
GoTicketsMembership,MicrosoftAdsCampaignMembershipHistory,PK_MicrosoftAdsCampaignMembershipHistory,PRIMARY KEY,ValidFromUtc,2
GoTicketsMembership,MicrosoftAdsCampaignMembershipHistory,PK_MicrosoftAdsCampaignMembershipHistory,PRIMARY KEY,ValidToUtc,3
GoTicketsOrderMetric,EventOrderMetric,PK_EventOrderMetric,PRIMARY KEY,CalendarId,1
GoTicketsOrderMetric,EventOrderMetric,PK_EventOrderMetric,PRIMARY KEY,EventId,2
GoTicketsPerformanceMetric,GoogleAdsAdGroupPerformanceMetric,PK_GoogleAdsAdGroupPerformanceMetric,PRIMARY KEY,AdGroupId,1
GoTicketsPerformanceMetric,GoogleAdsAdGroupPerformanceMetric,PK_GoogleAdsAdGroupPerformanceMetric,PRIMARY KEY,CalendarId,2
GoTicketsPerformanceMetric,GoogleAdsCampaignPerformanceMetric,PK_GoogleAdsCampaignPerformanceMetric,PRIMARY KEY,CalendarId,1
GoTicketsPerformanceMetric,GoogleAdsCampaignPerformanceMetric,PK_GoogleAdsCampaignPerformanceMetric,PRIMARY KEY,CampaignId,2
GoTicketsPerformanceMetric,MicrosoftAdsAdGroupPerformanceMetric,PK_MicrosoftAdsAdGroupPerformanceMetric,PRIMARY KEY,AdGroupId,1
GoTicketsPerformanceMetric,MicrosoftAdsAdGroupPerformanceMetric,PK_MicrosoftAdsAdGroupPerformanceMetric,PRIMARY KEY,CalendarId,2
GoTicketsPerformanceMetric,MicrosoftAdsCampaignPerformanceMetric,PK_MicrosoftAdsCampaignPerformanceMetric,PRIMARY KEY,CalendarId,1
GoTicketsPerformanceMetric,MicrosoftAdsCampaignPerformanceMetric,PK_MicrosoftAdsCampaignPerformanceMetric,PRIMARY KEY,CampaignId,2
GoTicketsReportingAdManagement,PerformerAliasSummary,PK_PerformerAliasSummary,PRIMARY KEY,ExportType,1
GoTicketsReportingAdManagement,PerformerAliasSummary,PK_PerformerAliasSummary,PRIMARY KEY,PerformerAliasId,2
GoTicketsReportingAdManagement,VenueAliasSummary,PK_VenueAliasSummary,PRIMARY KEY,ExportType,1
GoTicketsReportingAdManagement,VenueAliasSummary,PK_VenueAliasSummary,PRIMARY KEY,VenueAliasId,2
GoTicketsReportingGoogleAds,CampaignBudget,PK_CampaignBudget,PRIMARY KEY,CampaignBudgetId,1
GoTicketsReportingOrderEstimate,EventClusterOrderEstimate,PK_EventClusterOrderEstimate,PRIMARY KEY,EventClusterId,1
GoTicketsReportingOrderEstimate,PerformerOrderEstimate,PK_PerformerOrderEstimate,PRIMARY KEY,PerformerId,1
GoTicketsReportingOrderEstimate,VenueOrderEstimate,PK_VenueOrderEstimate,PRIMARY KEY,VenueId,1
GoTicketsWebsiteBronze,FunnelMetric,PK_FunnelMetric,PRIMARY KEY,FunnelMetricIdentifier,1
GoTicketsWebsiteBronze,OrderAttribution,PK_OrderAttribution,PRIMARY KEY,OrderId,1
GoTicketsWebsiteBronze,VisitorProfile,PK_VisitorProfile,PRIMARY KEY,VisitorIdentifier,1
GoogleAdsBronze,Account,PK_Account,PRIMARY KEY,AccountId,1
GoogleAdsBronze,AccountManager,PK_AccountManager,PRIMARY KEY,AccountId,1
GoogleAdsBronze,AccountManager,PK_AccountManager,PRIMARY KEY,ManagerId,2
GoogleAdsBronze,AdGroup,PK_AdGroup,PRIMARY KEY,AdGroupId,1
GoogleAdsBronze,AdGroupAd,PK_AdGroupAd,PRIMARY KEY,AdGroupId,1
GoogleAdsBronze,AdGroupAd,PK_AdGroupAd,PRIMARY KEY,AdId,2
GoogleAdsBronze,AdGroupAdditiveMetric,PK_AdGroupAdditiveMetric,PRIMARY KEY,ActivityDateTimeUtc,1
GoogleAdsBronze,AdGroupAdditiveMetric,PK_AdGroupAdditiveMetric,PRIMARY KEY,AdGroupId,2
GoogleAdsBronze,AdGroupBidModifier,PK_AdGroupBidModifier,PRIMARY KEY,AdGroupCriterionId,1
GoogleAdsBronze,AdGroupBidModifier,PK_AdGroupBidModifier,PRIMARY KEY,AdGroupId,2
GoogleAdsBronze,AdGroupCriterion,PK_AdGroupCriterion,PRIMARY KEY,AdGroupCriterionId,1
GoogleAdsBronze,AdGroupCriterion,PK_AdGroupCriterion,PRIMARY KEY,AdGroupId,2
GoogleAdsBronze,AdGroupKeyword,PK_AdGroupKeyword,PRIMARY KEY,AccountId,1
GoogleAdsBronze,AdGroupKeyword,PK_AdGroupKeyword,PRIMARY KEY,AdGroupCriterionId,2
GoogleAdsBronze,AdGroupKeywordAdditiveMetric,PK_AdGroupKeywordAdditiveMetric,PRIMARY KEY,ActivityDate,1
GoogleAdsBronze,AdGroupKeywordAdditiveMetric,PK_AdGroupKeywordAdditiveMetric,PRIMARY KEY,AdGroupCriterionId,2
GoogleAdsBronze,AdGroupKeywordAdditiveMetric,PK_AdGroupKeywordAdditiveMetric,PRIMARY KEY,AdGroupId,3
GoogleAdsBronze,AdGroupLabel,PK_AdGroupLabel,PRIMARY KEY,AdGroupId,1
GoogleAdsBronze,AdGroupLabel,PK_AdGroupLabel,PRIMARY KEY,LabelId,2
GoogleAdsBronze,AdGroupNonAdditiveMetric,PK_AdGroupNonAdditiveMetric,PRIMARY KEY,ActivityDate,1
GoogleAdsBronze,AdGroupNonAdditiveMetric,PK_AdGroupNonAdditiveMetric,PRIMARY KEY,AdGroupId,2
GoogleAdsBronze,AdGroupNonAdditiveMetric,PK_AdGroupNonAdditiveMetric,PRIMARY KEY,AggregationPeriod,3
GoogleAdsBronze,AdGroupSearchTerm,PK_AdGroupSearchTerm,PRIMARY KEY,AdGroupId,1
GoogleAdsBronze,AdGroupSearchTerm,PK_AdGroupSearchTerm,PRIMARY KEY,SearchTermBase64,2
GoogleAdsBronze,AdGroupSearchTermAdditiveMetric,PK_AdGroupSearchTermAdditiveMetric,PRIMARY KEY,ActivityDate,1
GoogleAdsBronze,AdGroupSearchTermAdditiveMetric,PK_AdGroupSearchTermAdditiveMetric,PRIMARY KEY,AdGroupCriterionId,2
GoogleAdsBronze,AdGroupSearchTermAdditiveMetric,PK_AdGroupSearchTermAdditiveMetric,PRIMARY KEY,AdGroupId,3
GoogleAdsBronze,AdGroupSearchTermAdditiveMetric,PK_AdGroupSearchTermAdditiveMetric,PRIMARY KEY,SearchTermBase64,4
GoogleAdsBronze,AdGroupSearchTermAdditiveMetric,PK_AdGroupSearchTermAdditiveMetric,PRIMARY KEY,SearchTermMatchType,5
GoogleAdsBronze,BiddingSeasonalityAdjustment,PK_BiddingSeasonalityAdjustment,PRIMARY KEY,AccountId,1
GoogleAdsBronze,BiddingSeasonalityAdjustment,PK_BiddingSeasonalityAdjustment,PRIMARY KEY,SeasonalityAdjustmentId,2
GoogleAdsBronze,BiddingSeasonalityAdjustmentAdvertisingChannel,PK_BiddingSeasonalityAdjustmentAdvertisingChannel,PRIMARY KEY,AccountId,1
GoogleAdsBronze,BiddingSeasonalityAdjustmentAdvertisingChannel,PK_BiddingSeasonalityAdjustmentAdvertisingChannel,PRIMARY KEY,AdvertisingChannel,2
GoogleAdsBronze,BiddingSeasonalityAdjustmentAdvertisingChannel,PK_BiddingSeasonalityAdjustmentAdvertisingChannel,PRIMARY KEY,SeasonalityAdjustmentId,3
GoogleAdsBronze,BiddingSeasonalityAdjustmentCampaign,PK_BiddingSeasonalityAdjustmentCampaign,PRIMARY KEY,AccountId,1
GoogleAdsBronze,BiddingSeasonalityAdjustmentCampaign,PK_BiddingSeasonalityAdjustmentCampaign,PRIMARY KEY,CampaignId,2
GoogleAdsBronze,BiddingSeasonalityAdjustmentCampaign,PK_BiddingSeasonalityAdjustmentCampaign,PRIMARY KEY,SeasonalityAdjustmentId,3
GoogleAdsBronze,BiddingSeasonalityAdjustmentDevice,PK_BiddingSeasonalityAdjustmentDevice,PRIMARY KEY,AccountId,1
GoogleAdsBronze,BiddingSeasonalityAdjustmentDevice,PK_BiddingSeasonalityAdjustmentDevice,PRIMARY KEY,Device,2
GoogleAdsBronze,BiddingSeasonalityAdjustmentDevice,PK_BiddingSeasonalityAdjustmentDevice,PRIMARY KEY,SeasonalityAdjustmentId,3
GoogleAdsBronze,Campaign,PK_Campaign,PRIMARY KEY,CampaignId,1
GoogleAdsBronze,CampaignAdditiveMetric,PK_CampaignAdditiveMetric,PRIMARY KEY,ActivityDateTimeUtc,1
GoogleAdsBronze,CampaignAdditiveMetric,PK_CampaignAdditiveMetric,PRIMARY KEY,CampaignId,2
GoogleAdsBronze,CampaignBudget,PK_CampaignBudget,PRIMARY KEY,CampaignBudgetId,1
GoogleAdsBronze,CampaignCriterion,PK_CampaignCriterion,PRIMARY KEY,CampaignCriterionId,1
GoogleAdsBronze,CampaignCriterion,PK_CampaignCriterion,PRIMARY KEY,CampaignId,2
GoogleAdsBronze,CampaignLabel,PK_CampaignLabel,PRIMARY KEY,CampaignId,1
GoogleAdsBronze,CampaignLabel,PK_CampaignLabel,PRIMARY KEY,LabelId,2
GoogleAdsBronze,CampaignNonAdditiveMetric,PK_CampaignNonAdditiveMetric,PRIMARY KEY,ActivityDate,1
GoogleAdsBronze,CampaignNonAdditiveMetric,PK_CampaignNonAdditiveMetric,PRIMARY KEY,AggregationPeriod,2
GoogleAdsBronze,CampaignNonAdditiveMetric,PK_CampaignNonAdditiveMetric,PRIMARY KEY,CampaignId,3
GoogleAdsBronze,Experiment,PK_Experiment,PRIMARY KEY,ExperimentId,1
GoogleAdsBronze,ExperimentArm,PK_ExperimentArm,PRIMARY KEY,ExperimentArmId,1
GoogleAdsBronze,ExperimentArm,PK_ExperimentArm,PRIMARY KEY,ExperimentId,2
GoogleAdsBronze,ExperimentArmCampaign,PK_ExperimentArmCampaign,PRIMARY KEY,CampaignId,1
GoogleAdsBronze,ExperimentArmCampaign,PK_ExperimentArmCampaign,PRIMARY KEY,ExperimentArmId,2
GoogleAdsBronze,ExperimentArmCampaign,PK_ExperimentArmCampaign,PRIMARY KEY,ExperimentId,3
GoogleAdsBronze,GeoTargetConstant,PK_GeoTargetConstant,PRIMARY KEY,GeoTargetConstantId,1
GoogleAdsBronze,Label,PK_Label,PRIMARY KEY,LabelId,1
GoogleAdsBronze,MetricGoal,PK_MetricGoal,PRIMARY KEY,AccountId,1
GoogleAdsBronze,MetricGoal,PK_MetricGoal,PRIMARY KEY,ExperimentId,2
GoogleAdsBronze,MetricGoal,PK_MetricGoal,PRIMARY KEY,ExperimentMetric,3
GoogleAdsBronze,MetricGoal,PK_MetricGoal,PRIMARY KEY,ExperimentMetricDirection,4
MicrosoftAdsBronze,Account,PK_Account,PRIMARY KEY,AccountId,1
MicrosoftAdsBronze,AdGroup,PK_AdGroup,PRIMARY KEY,AdGroupId,1
MicrosoftAdsBronze,AdGroupAdditiveMetric,PK_AdGroupAdditiveMetric,PRIMARY KEY,ActivityDateTimePst,1
MicrosoftAdsBronze,AdGroupAdditiveMetric,PK_AdGroupAdditiveMetric,PRIMARY KEY,AdGroupId,2
MicrosoftAdsBronze,AdGroupDeviceBidModifier,PK_AdGroupDeviceBidModifier,PRIMARY KEY,AdGroupId,1
MicrosoftAdsBronze,AdGroupDeviceBidModifier,PK_AdGroupDeviceBidModifier,PRIMARY KEY,DeviceType,2
MicrosoftAdsBronze,Campaign,PK_Campaign,PRIMARY KEY,CampaignId,1
MicrosoftAdsBronze,CampaignAdditiveMetric,PK_CampaignAdditiveMetric,PRIMARY KEY,ActivityDateTimePst,1
MicrosoftAdsBronze,CampaignAdditiveMetric,PK_CampaignAdditiveMetric,PRIMARY KEY,CampaignId,2
MicrosoftAdsBronze,CampaignDeviceBidModifier,PK_CampaignDeviceBidModifier,PRIMARY KEY,CampaignId,1
MicrosoftAdsBronze,CampaignDeviceBidModifier,PK_CampaignDeviceBidModifier,PRIMARY KEY,DeviceType,2
MicrosoftAdsBronze,CampaignMaxConversionValue,PK_CampaignMaxConversionValue,PRIMARY KEY,CampaignId,1
MicrosoftAdsBronze,CampaignMaxConversions,PK_CampaignMaxConversions,PRIMARY KEY,CampaignId,1
MicrosoftAdsBronze,CampaignTargetCpa,PK_CampaignTargetCpa,PRIMARY KEY,CampaignId,1
MicrosoftAdsBronze,CampaignTargetRoas,PK_CampaignTargetRoas,PRIMARY KEY,CampaignId,1
TixBiddingBronze,AdGroupBidValueChange,PK_AdGroupBidValueChange,PRIMARY KEY,AdGroupId,1
TixBiddingBronze,AdGroupBidValueChange,PK_AdGroupBidValueChange,PRIMARY KEY,AdNetwork,2
TixBiddingBronze,AdGroupBidValueChange,PK_AdGroupBidValueChange,PRIMARY KEY,BidValueType,3
TixBiddingBronze,AdGroupCalculationSettingChange,PK_AdGroupCalculationSettingChange,PRIMARY KEY,AdGroupId,1
TixBiddingBronze,AdGroupCalculationSettingChange,PK_AdGroupCalculationSettingChange,PRIMARY KEY,AdNetwork,2
TixBiddingBronze,AdGroupCalculationSettingChange,PK_AdGroupCalculationSettingChange,PRIMARY KEY,CalculationSettingType,3
TixBiddingBronze,CampaignBidValueChange,PK_CampaignBidValueChange,PRIMARY KEY,AdNetwork,1
TixBiddingBronze,CampaignBidValueChange,PK_CampaignBidValueChange,PRIMARY KEY,BidValueType,2
TixBiddingBronze,CampaignBidValueChange,PK_CampaignBidValueChange,PRIMARY KEY,CampaignId,3
TixBiddingBronze,CampaignCalculationSettingChange,PK_CampaignCalculationSettingChange,PRIMARY KEY,AdNetwork,1
TixBiddingBronze,CampaignCalculationSettingChange,PK_CampaignCalculationSettingChange,PRIMARY KEY,CalculationSettingType,2
TixBiddingBronze,CampaignCalculationSettingChange,PK_CampaignCalculationSettingChange,PRIMARY KEY,CampaignId,3
TixBiddingBronze,GoogleAdsAdGroupBidModifierChange,PK_GoogleAdsAdGroupBidModifierChange,PRIMARY KEY,BidModifierChangeId,1
TixBiddingBronze,GoogleAdsAdGroupCalculationLog,PK_GoogleAdsAdGroupCalculationLog,PRIMARY KEY,CalculationIdentifier,1
TixBiddingBronze,GoogleAdsCampaignBidModifierChange,PK_GoogleAdsCampaignBidModifierChange,PRIMARY KEY,BidModifierChangeId,1
TixBiddingBronze,GoogleAdsCampaignCalculationLog,PK_GoogleAdsCampaignCalculationLog,PRIMARY KEY,CalculationIdentifier,1
TixBiddingBronze,MicrosoftAdsAdGroupBidModifierChange,PK_MicrosoftAdsAdGroupBidModifierChange,PRIMARY KEY,BidModifierChangeId,1
TixBiddingBronze,MicrosoftAdsAdGroupCalculationLog,PK_MicrosoftAdsAdGroupCalculationLog,PRIMARY KEY,CalculationIdentifier,1
TixBiddingBronze,MicrosoftAdsCampaignBidModifierChange,PK_MicrosoftAdsCampaignBidModifierChange,PRIMARY KEY,BidModifierChangeId,1
TixBiddingBronze,MicrosoftAdsCampaignCalculationLog,PK_MicrosoftAdsCampaignCalculationLog,PRIMARY KEY,CalculationIdentifier,1
Utility,DimCalendar,PK_DimCalendar,PRIMARY KEY,CalendarId,1
